,type,id,name,geometry
4,station,8101640,Traiskirchen Aspangbahn,POINT (16.303493 48.017957)
5,station,8101106,Kleinzell im Mühlkreis,POINT (14.032054 48.458195)
6,station,8100027,Payerbach-Reichenau,POINT (15.863066 47.696072)
7,station,8101185,Lungitz/Gusen,POINT (14.47835 48.288749)
8,station,8101394,Piesting,POINT (16.124877 47.874813)
9,station,8101745,Waldegg/Piesting,POINT (16.058761 47.869006)
10,station,8101796,Wöllersdorf/Piesting,POINT (16.178507 47.861284)
12,station,8100293,Korneuburg,POINT (16.328932 48.342935)
13,station,8100144,Oberdrauburg,POINT (12.973771 46.746442)
14,station,8101433,Rennweg,POINT (16.386104 48.195279)
17,station,8100948,Hart im Innkreis,POINT (13.415465 48.315914)
18,station,8101165,Leonding,POINT (14.253943 48.274015)
19,station,8100225,Ebenfurth,POINT (16.361941 47.877645)
20,station,8100705,Brunn/Pitten,POINT (16.18844 47.722563)
21,station,8102062,Straßwalchen West,POINT (13.245381 47.97667)
22,station,8105979,Villach Landskron,POINT (13.875758 46.630176)
27,station,8100169,Kremsmünster,POINT (14.140302 48.053078)
28,station,8100053,Fieberbrunn,POINT (12.52894 47.491136)
30,station,8100122,Dornbirn,POINT (9.738805 47.417694)
31,station,8100182,Grafendorf bei Hartberg,POINT (16.003667 47.346382)
32,station,8100505,Grafendorf Ober,POINT (15.539913 48.152094)
33,station,8100851,Gleißenfeld,POINT (16.12921 47.677185)
35,station,8101457,Rietz in Tirol,POINT (11.023813 47.291926)
36,station,8100634,Wien Atzgersdorf,POINT (16.288508 48.146953)
37,station,8101011,Judendorf-Straßengel,POINT (15.343921 47.118452)
38,station,8101754,Wels Lokalbahn,POINT (14.017383 48.15649)
40,station,8100351,Wien Oper (Kärntner Ring/Lokalbahn),POINT (16.370417 48.202057)
41,station,8101369,Pernitz-Muggendorf,POINT (15.957777 47.895767)
42,station,8101150,Wien Liesing,POINT (16.284274 48.134916)
43,station,8100434,Neusiedl am See,POINT (16.823465 47.955644)
44,station,8100453,Neusiedl am See Bad,POINT (16.844392 47.942853)
45,station,8101100,Klaus in Vorarlberg,POINT (9.624274 47.308942)
46,station,8100119,Rankweil,POINT (9.637254 47.273021)
47,station,8100516,Wiener Neustadt Hbf,POINT (16.233188 47.810558)
48,station,8101789,Wiener Neustadt Civitas Nova,POINT (16.25541 47.83358)
49,station,8101791,Wiener Neustadt Nord,POINT (16.238815 47.834883)
50,station,8100177,Fürstenfeld,POINT (16.084021 47.041549)
52,station,8100067,Bludenz,POINT (9.814567 47.154723)
53,station,8100199,Schwarzenau im Waldviertel,POINT (15.267369 48.746632)
54,station,8100534,Stockerau,POINT (16.213403 48.382254)
55,station,8101044,Kitzbühel Hahnenkamm,POINT (12.389859 47.443385)
56,station,8100210,Allentsteig,POINT (15.329826 48.715934)
57,station,8101038,Kematen in Tirol,POINT (11.276545 47.261192)
58,station,8100170,Kirchdorf/Krems,POINT (14.116247 47.906437)
59,station,8179206,Roppen Innbrücke,POINT (10.823156 47.224039)
60,station,8179205,Roppen Trankhütte,POINT (10.814293 47.22101)
61,station,8100419,Möllbrücke-Sachsenburg,POINT (13.368173 46.830761)
62,station,8100002,Salzburg Hbf,POINT (13.045514 47.813848)
63,station,8102045,Salzburg Taxham Europark,POINT (13.010007 47.816249)
64,station,8101716,Viechtwang,POINT (13.971376 47.915678)
65,station,8101135,Lenzing Ort,POINT (13.606873 47.971879)
66,station,8101141,Lenzing,POINT (13.613417 47.98307)
67,station,8101975,Pernitz Raimundviertel,POINT (15.945686 47.891776)
68,station,8101478,Siebenmühlen-Rosenau,POINT (13.605857 47.959914)
69,station,8100226,Ebreichsdorf,POINT (16.408783 47.9612)
71,station,8100231,Eisenstadt,POINT (16.52941 47.839279)
74,station,8100432,St.Andrä-Wördern,POINT (16.209097 48.33391)
75,station,8100245,Gänserndorf,POINT (16.732943 48.340347)
76,station,8100041,Golling-Abtenau,POINT (13.164082 47.600579)
77,station,8101415,Raasdorf,POINT (16.582347 48.239047)
78,station,8101239,Maria Saal,POINT (14.33944 46.682916)
79,station,8101837,Grünbach am Schneeberg Schule,POINT (15.981418 47.801398)
83,station,8100277,Horn NÖ,POINT (15.67352 48.665837)
85,station,8100976,Haslach/Mühl,POINT (14.030903 48.554452)
87,station,8100215,Antiesenhofen,POINT (13.402116 48.347403)
88,station,8101338,Paudorf,POINT (15.615773 48.351682)
89,station,8100010,Steyr,POINT (14.423417 48.038462)
90,station,8100020,Steindorf bei Straßwalchen,POINT (13.239025 47.966728)
91,station,8100439,Obereggendorf,POINT (16.296616 47.849589)
93,station,8174070,Oberndorf in Tirol Ort,POINT (12.384762 47.499046)
94,station,8101990,St.Pölten Traisenpark,POINT (15.641311 48.220592)
95,station,8101374,St.Pölten Alpenbahnhof-Kaiserwald (Traisentalbahn),POINT (15.613822 48.199135)
96,station,8101598,St.Stefan-Vorderberg,POINT (13.533683 46.600323)
97,station,8100445,Waidhofen/Ybbs Bahnhof,POINT (14.76534 47.968121)
98,station,8100355,Wieselburg an der Erlauf,POINT (15.142033 48.131824)
99,station,8101110,Lacken im Mühlkreis,POINT (14.091355 48.386174)
100,station,8100013,Linz Hbf,POINT (14.292129 48.290178)
105,station,8100123,Lustenau,POINT (9.667116 47.450343)
106,station,8100409,Mattighofen,POINT (13.152315 48.108749)
107,station,8101191,Langenzersdorf,POINT (16.355891 48.306502)
108,station,8100060,Telfs-Pfaffenhofen,POINT (11.078872 47.300708)
109,station,8100678,Ried im Innkreis Bad,POINT (13.477626 48.21234)
110,station,8100092,Spittal-Millstättersee,POINT (13.487415 46.795703)
111,station,8101204,Marchtrenk,POINT (14.100021 48.201355)
112,station,8101081,Kröllendorf,POINT (14.789008 48.042678)
113,station,8100172,Hinterstoder,POINT (14.178964 47.774646)
114,station,8100202,Absdorf-Hippersdorf,POINT (15.985877 48.402093)
115,station,8101661,Ternitz,POINT (16.033421 47.71378)
116,station,8100813,Furth-Palt,POINT (15.606182 48.384457)
117,station,8101553,Wien Simmering,POINT (16.419517 48.170145)
118,station,8100469,Retz,POINT (15.95704 48.753527)
122,station,8100538,Bad Deutsch Altenburg,POINT (16.910822 48.132858)
123,station,8100410,Mauerkirchen,POINT (13.128871 48.191701)
125,station,8103490,Graz Don Bosco (Bahnsteige 1-2),POINT (15.419107 47.058449)
126,station,8100044,Schwarzach-St.Veit,POINT (13.154464 47.318534)
127,station,8101202,Mandling/Enns,POINT (13.56928 47.403994)
128,station,8101013,Wien Jedlersdorf,POINT (16.395965 48.273997)
129,station,8100156,Kleinreifling,POINT (14.642205 47.824168)
130,station,8101050,Klamm-Schottwien,POINT (15.874348 47.665221)
132,station,8100422,Schützen am Gebirge,POINT (16.618825 47.848034)
133,station,8100135,Gröbming,POINT (13.901359 47.426953)
137,station,8100033,Frohnleiten,POINT (15.326959 47.266324)
138,station,8101774,Wildon,POINT (15.519939 46.885245)
139,station,8100653,Bad Fischau-Brunn,POINT (16.17332 47.826685)
140,station,8100466,Marchegg,POINT (16.918706 48.24925)
141,station,8101153,Lilienfeld,POINT (15.593066 48.013742)
142,station,8101605,Lilienfeld Krankenhaus,POINT (15.578522 48.009013)
143,station,8101409,Puchenau West,POINT (14.222742 48.312462)
144,station,8100593,Werndorf,POINT (15.476989 46.916365)
145,station,8100055,Kitzbühel,POINT (12.391046 47.454109)
146,station,8101593,Kitzbühel Schwarzsee,POINT (12.370523 47.453435)
147,station,8101346,Perchtoldsdorf,POINT (16.285514 48.122987)
148,station,8100623,Ardning,POINT (14.358964 47.590637)
149,station,8100014,Wels Hbf,POINT (14.02657 48.166082)
151,station,8100097,Bad Hofgastein,POINT (13.100942 47.195714)
152,station,8100121,Hohenems,POINT (9.681005 47.364711)
153,station,8178006,Heiterwang Gh Post,POINT (10.743188 47.447933)
154,station,8100861,Gödersdorf,POINT (13.847065 46.568438)
155,station,8101514,Stadt Haag,POINT (14.565779 48.115679)
156,station,8100143,Dölsach,POINT (12.833603 46.814841)
160,station,8100236,Floridsdorf,POINT (16.400019 48.256387)
161,station,8102105,Hall in Tirol-Thaur,POINT (11.474452 47.277102)
163,station,8101686,Trattenbach/Enns,POINT (14.355063 47.930088)
166,station,8100090,Bregenz,POINT (9.739623 47.503001)
168,station,8101781,Winzendorf,POINT (16.11142 47.810837)
169,station,8100283,Kammer-Schörfling,POINT (13.595771 47.948093)
170,station,8101473,Wien Quartier Belvedere,POINT (16.381978 48.188042)
171,station,8100064,St. Anton am Arlberg,POINT (10.266994 47.127567)
172,station,8101918,Kaindorf/Sulm,POINT (15.542475 46.801834)
173,station,8100195,Gleisdorf,POINT (15.707913 47.099889)
174,station,8102057,Wien Wolf in der Au,POINT (16.236343 48.204771)
178,station,8100065,Langen am Arlberg,POINT (10.120371 47.13172)
180,station,8101556,Wien Grillgasse,POINT (16.406707 48.167403)
181,station,8100030,Kindberg,POINT (15.448367 47.501168)
182,station,8101244,Mariahof-St.Lambrecht,POINT (14.37279 47.106227)
183,station,8100141,Lienz in Osttirol,POINT (12.77137 46.828442)
185,station,8100180,Hartberg,POINT (15.985014 47.281238)
186,station,8101567,Sollenau,POINT (16.245414 47.898455)
187,station,8100078,St.Veit/Glan,POINT (14.367189 46.770587)
188,station,8100706,Brunn/Schneebergbahn,POINT (16.157436 47.825624)
189,station,8100188,Aspang,POINT (16.099716 47.562393)
190,station,8100146,Greifenburg-Weißensee,POINT (13.190726 46.741076)
191,station,8100102,Jenbach,POINT (11.778458 47.388452)
192,station,8101818,Vienna Bio Center,POINT (16.399552 48.187988)
193,station,8103000,Vienna Centrale,POINT (16.377114 48.185103)
194,station,8100512,Wien Ottakring,POINT (16.311188 48.21181)
195,station,8101578,Spillern,POINT (16.25701 48.375737)
196,station,8101629,Schönwies,POINT (10.660577 47.197323)
197,station,8100189,Edlitz-Grimmenstein,POINT (16.127969 47.6172)
198,station,8100846,Guntramsdorf-Thallern,POINT (16.297398 48.051901)
199,station,8100006,Pöchlarn,POINT (15.216355 48.208205)
200,station,8100028,Semmering,POINT (15.830921 47.639548)
201,station,8100158,Hieflau,POINT (14.737527 47.607843)
202,station,8100056,Arnoldstein,POINT (13.707552 46.551493)
204,station,8100176,Fehring,POINT (16.013249 46.949473)
205,station,8100134,Neumarkt am Wallersee,POINT (13.225577 47.955321)
207,station,8101700,Unterhart b.Sattledt,POINT (14.042634 48.089116)
209,station,8100323,Terfens-Weer,POINT (11.634388 47.315918)
210,station,8100071,St.Michael in Obersteiermark,POINT (15.00919 47.346625)
211,station,8100311,Statzendorf,POINT (15.632691 48.309082)
212,station,8100043,St. Johann im Pongau,POINT (13.19496 47.348378)
213,station,8100159,Gstatterboden im Nationalpark,POINT (14.633621 47.591383)
214,station,8101516,Schlägl,POINT (13.975413 48.63655)
215,station,8100208,Aigen-Schlägl,POINT (13.975134 48.64251)
216,station,8100003,Wien Westbahnhof,POINT (16.337256 48.196753)
217,station,8100416,Sattledt,POINT (14.057969 48.074131)
218,station,8101299,Oberhart b.Sattledt,POINT (14.039218 48.103975)
219,station,8102059,Tullnerfeld,POINT (15.996538 48.295239)
221,station,8100429,Söchau,POINT (16.013294 47.028856)
222,station,8100270,Hermagor,POINT (13.375607 46.626337)
223,station,8100074,Unzmarkt,POINT (14.442034 47.20091)
225,station,8100034,Peggau-Deutschfeistritz,POINT (15.343229 47.207112)
226,station,8101173,Lanzendorf-Rannersdorf,POINT (16.447419 48.113234)
230,station,8100167,Rohr-Bad Hall,POINT (14.191468 48.069726)
231,station,8100120,Götzis,POINT (9.636697 47.336611)
232,station,8100295,Krems an der Donau,POINT (15.604968 48.408934)
233,station,8100517,Windischgarsten,POINT (14.327062 47.715372)
234,station,8100757,Enzesfeld-Lindabrunn,POINT (16.187442 47.921287)
236,station,8100272,Herzogenburg,POINT (15.696541 48.276667)
238,station,8101405,Pulgarn,POINT (14.393501 48.278384)
240,station,8100151,Gmunden,POINT (13.782306 47.92482)
241,station,8100411,Rosenburg im Kamptal,POINT (15.643846 48.628505)
244,station,8100085,Klagenfurt Hbf,POINT (14.313569 46.615586)
245,station,8103644,Klagenfurt West,POINT (14.26687 46.622948)
246,station,8100721,Deutsch Wagram,POINT (16.563605 48.302942)
248,station,8100539,Werfen,POINT (13.195185 47.4726)
249,station,8100081,Velden am Wörther See,POINT (14.044836 46.620054)
250,station,8100079,Krumpendorf/Wörthersee,POINT (14.22151 46.626337)
251,station,8100080,Pörtschach am Wörther See,POINT (14.146235 46.636199)
252,station,8101218,Miesenbach-Waidmannsfeld,POINT (16.005527 47.877537)
253,station,8100023,Neumarkt-Kallham,POINT (13.725045 48.271543)
254,station,8100269,Wien Heiligenstadt,POINT (16.365698 48.249052)
255,station,8100405,Ried im Innkreis,POINT (13.488206 48.200447)
256,station,8100061,Ötztal,POINT (10.859113 47.238485)
257,station,8100537,Maria Ellend an der Donau,POINT (16.688627 48.109935)
258,station,8100107,Steinach in Tirol,POINT (11.469831 47.089219)
259,station,8101870,Stallegg,POINT (15.643658 48.615767)
262,station,8101701,Untersiebenbrunn,POINT (16.747848 48.247946)
263,station,8100254,Götzendorf/Leitha,POINT (16.586338 48.025706)
264,station,8101955,Achleitnersiedlung,POINT (14.205554 48.321532)
265,station,8100442,Obernberg-Altheim,POINT (13.259781 48.270105)
266,station,8100109,Innsbruck Westbahnhof,POINT (11.391868 47.255591)
267,station,8100248,Garsten,POINT (14.408908 48.023935)
268,station,8100449,Wien Mitte,POINT (16.384315 48.205634)
269,station,801070,"Wien Schwarzenbergplatz (Mitte), Österreich",POINT (16.374633 48.200771)
270,station,8101210,Mixnitz Bärenschützklamm,POINT (15.360551 47.331361)
271,station,8101597,St.Peter-Seitenstetten,POINT (14.646179 48.054741)
272,station,8100045,Lend,POINT (13.055627 47.297508)
276,station,8100515,Parndorf Ort,POINT (16.851161 47.99214)
277,station,8101335,Parndorf,POINT (16.871341 47.986837)
278,station,8100417,Mittewald an der Drau,POINT (12.595038 46.76967)
279,station,8100689,Bisamberg,POINT (16.347046 48.316723)
280,station,8100137,Schladming,POINT (13.678148 47.393827)
285,station,8100826,Grein-Bad Kreuzen,POINT (14.851276 48.220664)
287,station,8101403,Puchberg am Schneeberg,POINT (15.910341 47.790485)
290,station,8100046,Taxenbach-Rauris,POINT (12.94799 47.292852)
291,station,8100349,Wien Praterstern,POINT (16.392198 48.21857)
292,station,8100200,Göpfritz an der Wild,POINT (15.394459 48.729759)
293,station,8100062,Imst-Pitztal,POINT (10.76167 47.219077)
294,station,8100691,Wien Brünner Straße,POINT (16.402707 48.268514)
304,station,8100337,Volders-Baumkirchen,POINT (11.564497 47.296366)
305,station,8100147,Villach Hbf,POINT (13.848539 46.618625)
306,station,8100382,Villach Warmbad,POINT (13.828673 46.588834)
307,station,8101988,Waldegg-Dürnbach,POINT (16.051561 47.867622)
311,station,8101248,Mühlheim am Inn,POINT (13.220858 48.269736)
313,station,8101675,Thörl-Maglern,POINT (13.64807 46.540275)
314,station,8101055,Kleblach-Lind,POINT (13.341313 46.770659)
315,station,8101742,Wartberg/Krems,POINT (14.121613 47.988985)
317,station,8101414,Petzenkirchen,POINT (15.157107 48.143573)
318,station,8100325,Traismauer,POINT (15.746036 48.347907)
319,station,8100149,Steinfeld im Drautal,POINT (13.259664 46.752609)
322,station,8100521,Pettenbach,POINT (14.011873 47.962197)
323,station,8100129,Gmünd NÖ,POINT (14.985171 48.764233)
326,station,8100009,St. Valentin,POINT (14.521849 48.179143)
327,station,8100261,Grünau im Almtal,POINT (13.951627 47.85368)
328,station,8101852,Schauersberg,POINT (14.008646 48.135977)
330,station,8101157,Lind-Rosegg,POINT (14.001122 46.606336)
331,station,8100867,Gumpoldskirchen,POINT (16.28502 48.041132)
333,station,8100669,Blindenmarkt,POINT (14.97958 48.125064)
334,station,8101327,Ottnang-Wolfsegg,POINT (13.664907 48.0921)
335,station,8101728,Völs,POINT (11.321186 47.255762)
339,station,8100316,Summerau,POINT (14.448892 48.557247)
340,station,8101306,Öpping,POINT (13.960544 48.599811)
343,station,8101645,Traisen Markt,POINT (15.61171 48.039918)
344,station,8100622,Arbing,POINT (14.700698 48.227262)
345,station,8101501,St. Georgen/Gusen,POINT (14.441314 48.265323)
346,station,8101502,St. Georgen/Gusen Ort,POINT (14.450996 48.271175)
348,station,8100012,Amstetten NÖ,POINT (14.878109 48.121603)
349,station,8100239,Freistadt,POINT (14.481613 48.495249)
350,station,8101643,Traisen,POINT (15.61215 48.056953)
351,station,8101768,Wilhelmsburg an der Traisen,POINT (15.608411 48.111562)
352,station,8100834,Getzersdorf ob der Traisen,POINT (15.715347 48.324166)
355,station,8100587,Schlöglmühl,POINT (15.913774 47.682597)
356,station,8100083,Rosenbach bei Villach,POINT (14.035514 46.531294)
357,station,8100139,Altenmarkt im Pongau,POINT (13.428419 47.382474)
358,station,8101347,Petersbaumgarten,POINT (16.132311 47.634037)
359,station,8100015,Lambach,POINT (13.888343 48.094087)
360,station,8100088,Scharnitz,POINT (11.266927 47.392263)
362,station,8100198,Bruck/Leitha,POINT (16.780083 48.019072)
363,station,8100049,Saalfelden,POINT (12.829764 47.426854)
364,station,8100032,Bruck/Mur,POINT (15.279433 47.413828)
365,station,8100132,Stainach-Irdning,POINT (14.106754 47.529196)
366,station,8101163,Leobersdorf,POINT (16.230941 47.93878)
367,station,8100264,Hadersdorf/Kamp,POINT (15.714726 48.446725)
368,station,8100734,Dürnberg b.Ottensheim,POINT (14.19243 48.331447)
370,station,8101480,Schauboden,POINT (15.136945 48.078931)
371,station,8101349,Pfennigbach b.Puchberg,POINT (15.924058 47.795789)
372,station,8101241,Markt Sachsenburg,POINT (13.348109 46.825835)
373,station,8101937,Wien Spittelau,POINT (16.358102 48.235586)
374,station,8100663,Bad Blumau,POINT (16.056721 47.123126)
375,station,8100026,Gloggnitz,POINT (15.946711 47.677716)
376,station,8101024,Kamegg,POINT (15.657366 48.610311)
378,station,8102149,Ledenitzen Bahnhst,POINT (13.965641 46.562892)
380,station,8101586,Schrambach,POINT (15.574665 48.001417)
382,station,8101101,Klosterneuburg Weidling,POINT (16.334604 48.297576)
384,station,8100493,Sigmundsherberg,POINT (15.745047 48.685748)
385,station,8100173,Graz Hbf,POINT (15.416437 47.072301)
386,station,8100371,Graz Ostbahnhof-Messe,POINT (15.448295 47.053397)
387,station,8100369,Gramatneusiedl,POINT (16.490738 48.035397)
388,station,8100099,Wörgl Hbf,POINT (12.060584 47.491801)
390,station,8100831,Gemeinlebarn,POINT (15.804511 48.336113)
391,station,8101293,Neumarkt/Ybbs-Karlsbach,POINT (15.051619 48.142386)
393,station,8101496,Villach Seebach,POINT (13.874077 46.620953)
394,station,8100029,Mürzzuschlag,POINT (15.677394 47.60795)
395,station,8101538,Scheifling,POINT (14.418994 47.148044)
396,station,8100322,Ternberg,POINT (14.354955 47.949217)
398,station,8100819,Gaishorn,POINT (14.545931 47.488942)
402,station,8101391,Purgstall/Erlauf,POINT (15.131147 48.059011)
403,station,8100878,Gerling OÖ,POINT (14.077152 48.397437)
405,station,8100094,Böckstein,POINT (13.130202 47.080383)
406,station,8100408,Mattersburg,POINT (16.408972 47.735705)
407,station,8101227,Wien Matzleinsdorfer Platz,POINT (16.359271 48.180815)
408,station,8100113,Seefeld in Tirol,POINT (11.189485 47.328728)
409,station,8101390,Pottschach,POINT (16.006381 47.697213)
410,station,8100001,Kufstein,POINT (12.165201 47.583509)
412,station,8100241,Friedburg,POINT (13.234567 47.996725)
413,station,8100084,Faak am See,POINT (13.913009 46.564375)
414,station,8100573,Micheldorf-Hirt,POINT (14.431624 46.914019)
418,station,8100514,Wien Meidling,POINT (16.333085 48.174451)
419,station,8100036,Sattendorf,POINT (13.917099 46.662816)
420,station,8100526,Pram-Haag,POINT (13.618882 48.231766)
421,station,8100063,Landeck-Zams,POINT (10.578389 47.148242)
422,station,8100850,Glanegg in Kärnten,POINT (14.21155 46.717839)
423,station,8100780,Felixdorf,POINT (16.24811 47.887371)
424,station,8102888,Wien Aspern Nord,POINT (16.504501 48.234804)
425,station,8100485,Scheibbs,POINT (15.164452 48.004977)
426,station,8100008,St.Pölten Hbf,POINT (15.624681 48.208277)
427,station,8100590,Stübing,POINT (15.322563 47.17761)
429,station,8101647,Tattendorf,POINT (16.306145 47.955725)
431,station,8101450,Roßleithen,POINT (14.308643 47.724568)
432,station,8101265,Nettingsdorf,POINT (14.258483 48.189651)
433,station,8100503,St. Nikola-Struden,POINT (14.909401 48.233492)
434,station,8101255,Neuhofen/Krems,POINT (14.238482 48.136058)
435,station,8100138,Radstadt,POINT (13.46781 47.384236)
438,station,8100035,Leibnitz,POINT (15.54723 46.779972)
439,station,8101723,Voitsdorf,POINT (14.047101 48.012429)
440,station,8100477,Rum b.Innsbruck,POINT (11.456168 47.278028)
444,station,8100007,Ybbs a.d. Donau,POINT (15.099577 48.15889)
445,station,8100140,Eben im Pongau,POINT (13.396435 47.407033)
446,station,8100476,Rottenegg,POINT (14.137686 48.360096)
447,station,8100494,Neudörfl,POINT (16.300661 47.793704)
448,station,8101353,Pfarrwerfen,POINT (13.199949 47.460986)
450,station,8101277,Neunkirchen NÖ,POINT (16.084713 47.731498)
453,station,8101237,Mötz,POINT (10.960529 47.275529)
454,station,8101489,St.Egyden am Steinfeld,POINT (16.146757 47.761046)
455,station,8104229,Wien Stadlau,POINT (16.448129 48.218525)
456,station,8100089,Ehrwald Zugspitzbahn,POINT (10.913741 47.410125)
457,station,8100359,Wolfsberg in Kärnten,POINT (14.838539 46.842159)
458,station,8101219,Mitterberghütten,POINT (13.222161 47.395374)
459,station,8100999,Iglmühle,POINT (14.03644 48.520598)
460,station,8101555,Wien Geiselbergstraße,POINT (16.407084 48.175341)
461,station,8101000,Imsterberg,POINT (10.70635 47.211283)
462,station,8100447,Wien Hütteldorf,POINT (16.261252 48.197256)
463,station,8100115,Reutte in Tirol,POINT (10.72165 47.493086)
464,station,8178128,Reutte in Tirol Isserplatz,POINT (10.719403 47.487567)
465,station,8100082,Spielfeld-Straß,POINT (15.629239 46.709569)
466,station,8100474,Rohrbach-Berg,POINT (13.987368 48.581923)
467,station,8100150,Selzthal,POINT (14.312841 47.55024)
470,station,8101051,Kledering b.Wien,POINT (16.439311 48.133001)
471,station,8100356,Wiesen-Sigleß,POINT (16.370094 47.753189)
472,station,8100528,Pregarten,POINT (14.522523 48.355952)
473,station,8100957,Hainfeld,POINT (15.767898 48.039639)
474,station,8100105,Hall in Tirol,POINT (11.501356 47.277076)
475,station,8100531,Pürbach-Schrems,POINT (15.08398 48.763712)
476,station,8101858,Pernitz Wipfelhofstraße,POINT (15.968087 47.895722)
477,station,8101788,Wittmannsdorf NÖ,POINT (16.2201 47.920272)
478,station,8100430,Neufelden,POINT (14.005167 48.483832)
479,station,8100104,Fritzens-Wattens,POINT (11.588812 47.302164)
480,station,8100437,St. Martin im Innkreis,POINT (13.433803 48.288883)
481,station,8100524,Pill-Vomperbach,POINT (11.677356 47.324197)
482,station,8100638,Aurolzmünster,POINT (13.458011 48.24907)
483,station,8100950,Himberg b.Wien,POINT (16.445082 48.082051)
484,station,8100128,Trieben,POINT (14.48991 47.488951)
486,station,8102058,Wöllersdorf/Piesting Marchgraben,POINT (16.164591 47.865132)
487,station,8101352,Pfaffstätten,POINT (16.25914 48.018452)
488,station,8100502,St. Martin-Sittich,POINT (14.152608 46.732203)
491,station,8100770,Eschenau/Salzach,POINT (13.008101 47.306614)
493,station,8100318,Takern-St.Margarethen,POINT (15.757767 47.045657)
496,station,8101806,Weißenbach-St Gallen,POINT (14.635499 47.714212)
497,station,8100057,Kirchberg in Tirol,POINT (12.3091 47.448922)
500,station,8100478,Mining,POINT (13.171768 48.2713)
501,station,8100263,Gurten OÖ,POINT (13.335075 48.243245)
502,station,8100108,Innsbruck Hbf,POINT (11.400506 47.263331)
504,station,8100024,Schärding,POINT (13.442514 48.463724)
505,station,245180,"Schärdinger Straße, Passau",POINT (13.472026 48.56007)
506,station,8100797,Föderlach,POINT (13.95925 46.602102)
507,station,8100763,Ehrenhausen,POINT (15.585515 46.727709)
510,station,8100460,Klosterneuburg Kierling,POINT (16.326307 48.309837)
511,station,8100396,Linz/Donau Urfahr,POINT (14.279751 48.312111)
513,station,8101221,Mitterdorf-Veitsch,POINT (15.513179 47.536738)
514,station,8101161,Laßnitzthal,POINT (15.656341 47.088167)
515,station,8100133,Öblarn,POINT (13.988114 47.460914)
516,station,8100571,Gutenstein,POINT (15.910853 47.876926)
517,station,8101320,Ortmann,POINT (15.979468 47.89334)
518,station,8100586,Silz im Oberinntal,POINT (10.936726 47.270181)
519,station,8101449,Rosenau/Ybbs,POINT (14.74141 48.010398)
520,station,8101592,Villach St.Ruprecht,POINT (13.875938 46.641547)
522,station,8100183,Rohrbach-Vorau,POINT (15.98576 47.390933)
523,station,8100368,Fürnitz,POINT (13.813346 46.563242)
525,station,8100101,Brixlegg,POINT (11.880018 47.434773)
528,station,8100795,Flaurling,POINT (11.143073 47.289013)
529,station,8101747,Walding b.Linz,POINT (14.153732 48.348455)
532,station,8100953,Hirschbach b.Gmünd,POINT (15.126985 48.74932)
533,station,8101230,Mödling,POINT (16.295744 48.08579)
534,station,8100042,Bischofshofen,POINT (13.219887 47.417856)
536,station,8101071,Kothmühle,POINT (13.940723 47.886778)
539,station,8100259,Schwechat,POINT (16.481425 48.143699)
541,station,8100513,Ottensheim,POINT (14.177121 48.337812)
542,station,8101324,Oberthalheim-Timelkam,POINT (13.624815 48.002415)
545,station,8100124,Lochau-Hörbranz,POINT (9.742194 47.529627)
546,station,8100192,Bad Erlach,POINT (16.211668 47.731786)
547,station,8100131,Liezen,POINT (14.241889 47.562708)
548,station,8101079,Kastenreith,POINT (14.638241 47.850174)
549,station,245034,"Kastenreuth, Passau",POINT (13.481419 48.59431)
550,station,8100246,Gaisbach-Wartberg,POINT (14.505596 48.330261)
551,station,8101477,Siebenbrunn-Leopoldsdorf,POINT (16.704475 48.245609)
554,station,8101274,Nikolsdorf,POINT (12.895035 46.779217)
555,station,8100197,Feldkirch,POINT (9.604102 47.240975)
558,station,8100031,Kapfenberg,POINT (15.292089 47.44512)
559,station,8100335,Vitis,POINT (15.173621 48.753158)
561,station,8100331,Untereggendorf,POINT (16.321543 47.861464)
562,station,8100412,Micheldorf,POINT (14.12635 47.8832)
563,station,8101653,Trautmannsdorf an der Leitha,POINT (16.64253 48.024205)
564,station,8100525,Pottendorf-Landegg,POINT (16.396154 47.905332)
566,station,8100235,Fischamend,POINT (16.615059 48.116587)
567,station,8100048,Zell am See,POINT (12.796567 47.32052)
569,station,8100333,Uttendorf-Helpfau,POINT (13.13351 48.160634)
570,station,8100507,Vöcklabruck,POINT (13.663703 48.010065)
571,station,8101283,Nöstlbach-St.Marien,POINT (14.246554 48.164032)
572,station,8101370,Pernegg/Mur,POINT (15.34304 47.35939)
573,station,8101170,Wien Leopoldau,POINT (16.44777 48.277098)
575,station,8100070,Leoben Hbf,POINT (15.089607 47.3866)
579,station,8102009,Lengau,POINT (13.219716 48.008546)
580,station,8101282,Neuhaus-Niederwaldkirchen,POINT (14.051497 48.441997)
581,station,8101010,Jennersdorf,POINT (16.139583 46.935108)
585,station,8100095,Bad Gastein,POINT (13.131946 47.111773)
586,station,8101342,Purkersdorf b.Wien Sanatorium,POINT (16.201348 48.206371)
587,station,8170237,Enns Bahnhof (Lauriacumstraße),POINT (14.465945 48.220439)
588,station,8100511,Weyer/Enns Bahnhof,POINT (14.667231 47.861734)
589,station,8100489,Munderfing,POINT (13.180218 48.073079)
590,station,8101771,Wilfleinsdorf,POINT (16.718866 48.022039)
591,station,8100039,Feldkirchen in Kärnten,POINT (14.098879 46.72147)
592,station,8100161,Admont,POINT (14.468426 47.573351)
593,station,8101755,Weißenbach-Neuhaus,POINT (16.046464 47.984203)
594,station,8101658,Teichstätt,POINT (13.213037 48.019665)
595,station,8100111,Hochzirl,POINT (11.24929 47.280941)
597,station,8101587,Sitzenberg-Reidling,POINT (15.818687 48.33222)
599,station,8100103,Schwaz,POINT (11.701798 47.350104)
